insert into location(state_no,thirdclass_no,location_name,location_desc,location_photo,location_tel,location_addr,location_x,location_y) values
(258,1,"여행지1","여행지설명1","여행지사진1위치","010-1111-2222","제주도 제주시",33.4996213,126.5311884),
(258,2,"여행지2","여행지설명2","여행지사진2위치","010-1111-2223","제주도 제주시",33.4996213,126.5311884),
(258,3,"여행지3","여행지설명3","여행지사진3위치","010-1111-2224","제주도 제주시",33.4996213,126.5311884),
(258,4,"여행지4","여행지설명4","여행지사진4위치","010-1111-2225","제주도 제주시",33.4996213,126.5311884),
(258,5,"여행지5","여행지설명5","여행지사진5위치","010-1111-2226","제주도 제주시",33.4996213,126.5311884),
(258,6,"여행지6","여행지설명6","여행지사진6위치","010-1111-2227","제주도 제주시",33.4996213,126.5311884),
(258,7,"여행지7","여행지설명7","여행지사진7위치","010-1111-2228","제주도 제주시",33.4996213,126.5311884),
(258,8,"여행지8","여행지설명8","여행지사진8위치","010-1111-2229","제주도 제주시",33.4996213,126.5311884),
(258,9,"여행지9","여행지설명9","여행지사진9위치","010-1111-2230","제주도 제주시",33.4996213,126.5311884),
(258,10,"여행지10","여행지설명10","여행지사진10위치","010-1111-2231","제주도 제주시",33.4996213,126.5311884),
(258,11,"여행지11","여행지설명11","여행지사진11위치","010-1111-2232","제주도 제주시",33.4996213,126.5311884),
(258,12,"여행지12","여행지설명12","여행지사진12위치","010-1111-2233","제주도 제주시",33.4996213,126.5311884),
(258,13,"여행지13","여행지설명13","여행지사진13위치","010-1111-2234","제주도 제주시",33.4996213,126.5311884),
(258,14,"여행지14","여행지설명14","여행지사진14위치","010-1111-2235","제주도 제주시",33.4996213,126.5311884),
(258,15,"여행지15","여행지설명15","여행지사진15위치","010-1111-2236","제주도 제주시",33.4996213,126.5311884),
(258,16,"여행지16","여행지설명16","여행지사진16위치","010-1111-2237","제주도 제주시",33.4996213,126.5311884),
(258,17,"여행지17","여행지설명17","여행지사진17위치","010-1111-2238","제주도 제주시",33.4996213,126.5311884),
(259,18,"여행지18","여행지설명18","여행지사진18위치","010-1111-2239","제주도 서귀포시",33.2541205,126.560076),
(259,19,"여행지19","여행지설명19","여행지사진19위치","010-1111-2240","제주도 서귀포시",33.2541205,126.560076),
(259,20,"여행지20","여행지설명20","여행지사진20위치","010-1111-2241","제주도 서귀포시",33.2541205,126.560076),
(259,21,"여행지21","여행지설명21","여행지사진21위치","010-1111-2242","제주도 서귀포시",33.2541205,126.560076),
(259,22,"여행지22","여행지설명22","여행지사진22위치","010-1111-2243","제주도 서귀포시",33.2541205,126.560076),
(259,23,"여행지23","여행지설명23","여행지사진23위치","010-1111-2244","제주도 서귀포시",33.2541205,126.560076),
(259,24,"여행지24","여행지설명24","여행지사진24위치","010-1111-2245","제주도 서귀포시",33.2541205,126.560076),
(259,25,"여행지25","여행지설명25","여행지사진25위치","010-1111-2246","제주도 서귀포시",33.2541205,126.560076),
(259,26,"여행지26","여행지설명26","여행지사진26위치","010-1111-2247","제주도 서귀포시",33.2541205,126.560076),
(259,27,"여행지27","여행지설명27","여행지사진27위치","010-1111-2248","제주도 서귀포시",33.2541205,126.560076),
(259,28,"여행지28","여행지설명28","여행지사진28위치","010-1111-2249","제주도 서귀포시",33.2541205,126.560076),
(259,29,"여행지29","여행지설명29","여행지사진29위치","010-1111-2250","제주도 서귀포시",33.2541205,126.560076),
(259,30,"여행지30","여행지설명30","여행지사진30위치","010-1111-2251","제주도 서귀포시",33.2541205,126.560076);

insert into schedule(location_no,trip_no,schedule_day,schedule_route) values
(1,1,1,1),
(2,1,1,2),
(3,1,1,3),
(4,1,1,4),
(5,1,2,1),
(6,1,2,2),
(7,1,2,3),
(8,1,2,4),
(9,1,3,1),
(10,1,3,2),
(11,1,3,3),
(12,2,1,1),
(13,2,1,2),
(14,2,1,3),
(15,2,1,4),
(16,2,2,1),
(17,2,2,2),
(18,2,2,3),
(19,3,1,1),
(20,3,1,2),
(21,3,1,3),
(22,3,1,4),
(23,3,1,5),
(24,3,2,1),
(25,3,2,2),
(26,3,2,3),
(27,3,2,4),
(28,3,3,1),
(29,3,3,2),
(30,3,3,3);

insert into trip(user_no,thema_no,trip_title,start_date,end_date,trip_created_date) values
(1,1,"제목1","2024-01-01","2024-02-01","2023-12-01"),
(2,2,"제목2","2024-01-02","2024-02-02","2023-12-02"),
(3,3,"제목3","2024-01-03","2024-02-03","2023-12-03");
